date_ym,nbf_annual,nbf,nbi_annual,nbi,cbf_annual,cbf
194801,101.1,115.7,95462,9380,234.6,13
194802,101.1,107.5,95462,8329,234.6,25.6
194803,101.1,105,95462,8349,234.6,17.5
194804,101.1,104.5,95462,8396,234.6,15.3
194805,101.1,103.7,95462,8064,234.6,13.8
194806,101.1,102.7,95462,8210,234.6,12.2
194807,101.1,100.6,95462,8168,234.6,13.9
194808,101.1,97.4,95462,7439,234.6,21.4
194809,101.1,96.3,95462,7483,234.6,20.7
194810,101.1,95.2,95462,7349,234.6,25.1
194811,101.1,93.4,95462,7241,234.6,24.4
194812,101.1,91.7,95462,7054,234.6,31.7
194901,83.7,90.5,86162,7012,308.2,19.2
194902,83.7,87,86162,6826,308.2,27.6
194903,83.7,84.4,86162,6791,308.2,37.2
194904,83.7,83,86162,6879,308.2,31.9
194905,83.7,82.5,86162,7006,308.2,24.6
194906,83.7,81.5,86162,6879,308.2,28.2
194907,83.7,80.8,86162,7057,308.2,21.8
194908,83.7,81,86162,7330,308.2,31.2
194909,83.7,81.8,86162,7403,308.2,20.6
194910,83.7,83,86162,7532,308.2,23.9
194911,83.7,83.6,86162,7659,308.2,22.8
194912,83.7,85.5,86162,7788,308.2,19.2
195001,87.7,85.5,93028,7830,248.1,26.4
195002,87.7,86.4,93028,8275,248.1,22.2
195003,87.7,87.8,93028,8078,248.1,27.9
195004,87.7,89.4,93028,8132,248.1,21.2
195005,87.7,89.7,93028,8403,248.1,22.7
195006,87.7,89.8,93028,8394,248.1,18.1
195007,87.7,89.7,93028,7898,248.1,19.5
195008,87.7,88.2,93028,7684,248.1,18.4
195009,87.7,86.4,93028,7092,248.1,15.2
195010,87.7,86.7,93028,7176,248.1,16.6
195011,87.7,86.7,93028,7059,248.1,18.9
195012,87.7,86.6,93028,7007,248.1,21
195101,86.7,86.4,83779,7214,259.6,21.7
195102,86.7,86.8,83779,7016,259.6,16
195103,86.7,87.6,83779,6937,259.6,17.7
195104,86.7,86.7,83779,7082,259.6,17.1
195105,86.7,85.3,83779,6848,259.6,23.5
195106,86.7,85.5,83779,6759,259.6,22.8
195107,86.7,85.9,83779,6796,259.6,21.1
195108,86.7,85.9,83779,6880,259.6,26.4
195109,86.7,86.4,83779,6952,259.6,26.6
195110,86.7,87.1,83779,6995,259.6,29.7
195111,86.7,88.3,83779,7119,259.6,17.6
195112,86.7,88.2,83779,7181,259.6,19.4
195201,90.8,87.8,92991,7080,283.3,26.2
195202,90.8,89.3,92991,7214,283.3,19.5
195203,90.8,90.3,92991,7348,283.3,29.2
195204,90.8,89.1,92991,7499,283.3,29.5
195205,90.8,89.4,92991,7441,283.3,21.2
195206,90.8,91.5,92991,7700,283.3,21.2
195207,90.8,90.6,92991,7683,283.3,22.8
195208,90.8,91.9,92991,8065,283.3,16.3
195209,90.8,93,92991,8259,283.3,20.1
195210,90.8,92.7,92991,8341,283.3,35.1
195211,90.8,92.1,92991,8265,283.3,18.8
195212,90.8,91.9,92991,8096,283.3,23.4
195301,89.7,92.7,102620,8304,394.2,23.3
195302,89.7,92.3,102620,8351,394.2,27.3
195303,89.7,92.1,102620,8634,394.2,31.1
195304,89.7,91.4,102620,8534,394.2,27.5
195305,89.7,91.1,102620,8785,394.2,32.8
195306,89.7,89.4,102620,8605,394.2,32.4
195307,89.7,89.2,102620,8757,394.2,39.8
195308,89.7,89.4,102620,8515,394.2,28.5
195309,89.7,87.9,102620,8185,394.2,33.8
195310,89.7,87.4,102620,8698,394.2,37.1
195311,89.7,86.5,102620,8556,394.2,36.8
195312,89.7,86.6,102620,8696,394.2,43.8
195401,88.8,86.5,117885,8638,462.7,29.6
195402,88.8,86.1,117885,8937,462.7,47.8
195403,88.8,85.5,117885,9155,462.7,57.3
195404,88.8,86.1,117885,9276,462.7,42.5
195405,88.8,87,117885,9158,462.7,38.5
195406,88.8,87.9,117885,9436,462.7,41.6
195407,88.8,88.6,117885,9772,462.7,32.2
195408,88.8,88.9,117885,9882,462.7,32.6
195409,88.8,89.7,117885,10085,462.7,36.4
195410,88.8,92,117885,10730,462.7,29
195411,88.8,93.3,117885,11212,462.7,35.1
195412,88.8,93.4,117885,11604,462.7,40.1
195501,96.6,95.1,140416,11902,449.4,37.9
195502,96.6,96.9,140416,11843,449.4,42.1
195503,96.6,96.9,140416,11679,449.4,41.2
195504,96.6,96.2,140416,11215,449.4,36
195505,96.6,96.9,140416,11521,449.4,34.7
195506,96.6,97.9,140416,12072,449.4,36.7
195507,96.6,97.2,140416,11655,449.4,32.5
195508,96.6,96.7,140416,11572,449.4,36
195509,96.6,97.1,140416,11968,449.4,33.1
195510,96.6,96.2,140416,11668,449.4,34.8
195511,96.6,96.1,140416,11761,449.4,42.8
195512,96.6,95.9,140416,11560,449.4,41.6
195601,94.6,95.9,140793,11620,562.7,42.9
195602,94.6,96.9,140793,12449,562.7,49.2
195603,94.6,95.5,140793,11591,562.7,42.6
195604,94.6,96.4,140793,11888,562.7,41.9
195605,94.6,96.3,140793,12245,562.7,59.9
195606,94.6,94.9,140793,11999,562.7,43
195607,94.6,94.4,140793,11851,562.7,48.7
195608,94.6,93.5,140793,11707,562.7,55
195609,94.6,92.7,140793,11193,562.7,39.3
195610,94.6,94,140793,11925,562.7,50
195611,94.6,92.7,140793,11186,562.7,39.9
195612,94.6,92.3,140793,11139,562.7,50.3
195701,90.3,91.5,135758,11250,615.2,54.1
195702,90.3,91.2,135758,11359,615.2,65.4
195703,90.3,91.3,135758,11367,615.2,55.8
195704,90.3,91.6,135758,11507,615.2,57.1
195705,90.3,90.6,135758,11109,615.2,52.6
195706,90.3,91.6,135758,11739,615.2,51.4
195707,90.3,91.3,135758,11686,615.2,44.3
195708,90.3,90.5,135758,11593,615.2,43.5
195709,90.3,89.5,135758,11318,615.2,45.4
195710,90.3,89.3,135758,11251,615.2,47.4
195711,90.3,88,135758,10788,615.2,52.9
195712,90.3,87.2,135758,10791,615.2,45.3
195801,90.2,86.9,151479,11042,728.3,64.4
195802,90.2,86.3,151479,11049,728.3,65.3
195803,90.2,85.9,151479,11042,728.3,71.6
195804,90.2,85.1,151479,10636,728.3,84
195805,90.2,87.9,151479,11752,728.3,56.2
195806,90.2,89.5,151479,12032,728.3,61.4
195807,90.2,90.1,151479,12504,728.3,65.4
195808,90.2,92.3,151479,13644,728.3,50.8
195809,90.2,94,151479,13933,728.3,48.1
195810,90.2,93.4,151479,13669,728.3,47.3
195811,90.2,94.8,151479,14599,728.3,56.7
195812,90.2,96.2,151479,15577,728.3,57.1
195901,97.9,97.1,191489,16346,692.8,73.6
195902,97.9,97.8,191489,16255,692.8,58.6
195903,97.9,99.3,191489,16548,692.8,65
195904,97.9,99.4,191489,16604,692.8,71.9
195905,97.9,99.3,191489,16296,692.8,50.9
195906,97.9,97.6,191489,15204,692.8,49.2
195907,97.9,97.5,191489,15658,692.8,51.2
195908,97.9,97.9,191489,15813,692.8,54.5
195909,97.9,97,191489,15728,692.8,54.7
195910,97.9,96.6,191489,15383,692.8,50.4
195911,97.9,97.6,191489,15695,692.8,53.2
195912,97.9,98,191489,15959,692.8,59.6
196001,94.5,99,182604,16561,938.6,53.7
196002,94.5,97.3,182604,15274,938.6,60.9
196003,94.5,96.7,182604,15233,938.6,70.2
196004,94.5,96.2,182604,15280,938.6,69.2
196005,94.5,95.5,182604,15176,938.6,73.3
196006,94.5,95.2,182604,15630,938.6,126.4
196007,94.5,95.1,182604,15828,938.6,61.7
196008,94.5,93.7,182604,15114,938.6,97.6
196009,94.5,92.8,182604,15112,938.6,80.6
196010,94.5,92.7,182604,15035,938.6,81.5
196011,94.5,91,182604,14264,938.6,84.5
196012,94.5,89.3,182604,14097,938.6,79
196101,90.8,87.9,183127,13607,1090.2,81.5
196102,90.8,89.1,183127,14570,1090.2,88.1
196103,90.8,89.6,183127,14658,1090.2,126.6
196104,90.8,91.2,183127,15327,1090.2,86.1
196105,90.8,91,183127,15298,1090.2,80.5
196106,90.8,91.2,183127,15431,1090.2,83.8
196107,90.8,92,183127,15492,1090.2,69.2
196108,90.8,90.6,183127,15277,1090.2,102.7
196109,90.8,90.4,183127,15402,1090.2,116.7
196110,90.8,91.9,183127,16035,1090.2,70.3
196111,90.8,92.4,183127,16149,1090.2,119.2
196112,90.8,92.6,183127,15881,1090.2,65.5
196201,92.6,92.2,182895,15599,1213.6,106.6
196202,92.6,92.8,182895,15758,1213.6,90.5
196203,92.6,93.3,182895,15670,1213.6,80.9
196204,92.6,92.7,182895,15372,1213.6,121.8
196205,92.6,92.6,182895,15245,1213.6,91.5
196206,92.6,92.3,182895,14947,1213.6,88.5
196207,92.6,92.4,182895,15171,1213.6,91.6
196208,92.6,92.2,182895,15056,1213.6,146.8
196209,92.6,93.2,182895,15249,1213.6,96.2
196210,92.6,92.8,182895,14892,1213.6,119.1
196211,92.6,92.4,182895,14951,1213.6,98.8
196212,92.6,92.4,182895,14985,1213.6,81.3
196301,94.4,92.7,187514,14924,1352.6,161
196302,94.4,93.7,187514,15390,1352.6,94.7
196303,94.4,94.4,187514,15563,1352.6,97.7
196304,94.4,93.9,187514,15305,1352.6,100.8
196305,94.4,93.6,187514,15682,1352.6,118.3
196306,94.4,94,187514,15536,1352.6,86.2
196307,94.4,94.3,187514,15431,1352.6,120.5
196308,94.4,95.5,187514,16093,1352.6,65.2
196309,94.4,95.3,187514,15689,1352.6,85.9
196310,94.4,95.6,187514,16275,1352.6,91.8
196311,94.4,94.8,187514,15759,1352.6,262.1
196312,94.4,95.4,187514,15867,1352.6,68.4
196401,98.2,96.1,196866,15993,1329.2,96.7
196402,98.2,96.8,196866,16326,1329.2,123.9
196403,98.2,96.6,196866,15917,1329.2,111
196404,98.2,97.4,196866,16132,1329.2,112.9
196405,98.2,99,196866,16473,1329.2,93.4
196406,98.2,98.2,196866,16282,1329.2,144.5
196407,98.2,97.5,196866,16550,1329.2,125.6
196408,98.2,97,196866,15692,1329.2,95.2
196409,98.2,99.6,196866,16948,1329.2,114.6
196410,98.2,100.4,196866,16728,1329.2,93.8
196411,98.2,100,196866,16804,1329.2,119.3
196412,98.2,99.6,196866,17021,1329.2,98.3
196501,99.8,99.7,204136,16784,1321.7,89.3
196502,99.8,100.3,204136,16854,1321.7,112
196503,99.8,100.3,204136,17131,1321.7,146.6
196504,99.8,98.9,204136,16664,1321.7,83.2
196505,99.8,98.7,204136,16580,1321.7,133.1
196506,99.8,99.9,204136,17017,1321.7,144.6
196507,99.8,100.2,204136,16844,1321.7,121.5
196508,99.8,100,204136,16901,1321.7,135
196509,99.8,99.8,204136,17136,1321.7,105
196510,99.8,99.5,204136,16994,1321.7,82.1
196511,99.8,100.5,204136,17606,1321.7,71.7
196512,99.8,100.3,204136,17625,1321.7,97.6
196601,99.3,101.7,200285,18087,1385.7,103.2
196602,99.3,103,200285,17451,1385.7,95.5
196603,99.3,103,200285,17266,1385.7,103.5
196604,99.3,101.3,200285,17057,1385.7,110.1
196605,99.3,100.1,200285,16644,1385.7,96.4
196606,99.3,99.8,200285,16577,1385.7,123.6
196607,99.3,98.7,200285,16074,1385.7,69.9
196608,99.3,98.3,200285,16343,1385.7,178.1
196609,99.3,96.9,200285,15764,1385.7,129.2
196610,99.3,97.5,200285,16233,1385.7,108
196611,99.3,96.1,200285,16206,1385.7,106.7
196612,99.3,95.5,200285,16583,1385.7,161.5
196701,100,96.3,206762,16703,1265.2,108.2
196702,100,96,206762,15987,1265.2,113.4
196703,100,97.2,206762,16244,1265.2,119.3
196704,100,97.3,206762,16760,1265.2,103.8
196705,100,98,206762,17627,1265.2,93.4
196706,100,99.7,206762,17799,1265.2,104.6
196707,100,100,206762,16300,1265.2,72.6
196708,100,102.9,206762,17674,1265.2,108.9
196709,100,102.5,206762,17818,1265.2,93.9
196710,100,102.1,206762,17654,1265.2,81.6
196711,100,103.6,206762,17958,1265.2,70
196712,100,104.6,206762,18238,1265.2,195.5
196801,108.3,105.2,233403,18061,941.2,104.5
196802,108.3,106.1,233403,18041,941.2,79.6
196803,108.3,106,233403,18538,941.2,88.6
196804,108.3,105,233403,18663,941.2,80.1
196805,108.3,103.8,233403,18723,941.2,91.4
196806,108.3,104.6,233403,18839,941.2,74.7
196807,108.3,107,233403,19407,941.2,90.3
196808,108.3,109.4,233403,19947,941.2,65.8
196809,108.3,111.1,233403,20582,941.2,58.7
196810,108.3,113.2,233403,21093,941.2,65.4
196811,108.3,113.9,233403,20890,941.2,58.7
196812,108.3,114.6,233403,20619,941.2,83.4
196901,115.8,116.1,273994,21364,1141.9,75
196902,115.8,115.9,273994,22105,1141.9,90
196903,115.8,115.8,273994,22083,1141.9,84.1
196904,115.8,116.8,273994,23262,1141.9,118.8
196905,115.8,116.4,273994,23118,1141.9,92.6
196906,115.8,116.2,273994,23439,1141.9,91.9
196907,115.8,116.4,273994,23366,1141.9,112.7
196908,115.8,115.9,273994,22871,1141.9,62.8
196909,115.8,114.6,273994,22594,1141.9,73.7
196910,115.8,116.1,273994,24263,1141.9,116.4
196911,115.8,114.6,273994,23125,1141.9,127.1
196912,115.8,114.3,273994,22404,1141.9,96.8
197001,108.8,114.9,263801,22196,1887.7,137.3
197002,108.8,114.6,263801,22968,1887.7,139.4
197003,108.8,111.8,263801,21346,1887.7,120
197004,108.8,110.9,263801,21829,1887.7,131.9
197005,108.8,109.1,263801,21874,1887.7,147.9
197006,108.8,107.5,263801,21796,1887.7,170.5
197007,108.8,106.1,263801,21614,1887.7,251.9
197008,108.8,105.5,263801,21796,1887.7,169.6
197009,108.8,105.7,263801,22181,1887.7,232.9
197010,108.8,105.7,263801,21712,1887.7,144.8
197011,108.8,107,263801,22217,1887.7,119.8
197012,108.8,106.8,263801,22272,1887.7,121.7
197101,111.1,106.4,287547,22563,1916.8,168.8
197102,111.1,105.4,287547,21034,1916.8,150.9
197103,111.1,108.3,287547,22883,1916.8,224.6
197104,111.1,108.6,287547,22814,1916.8,153.8
197105,111.1,110.1,287547,23960,1916.8,249.5
197106,111.1,111.8,287547,24481,1916.8,165.8
197107,111.1,113.2,287547,24677,1916.8,147
197108,111.1,113.4,287547,25012,1916.8,155.6
197109,111.1,112,287547,23623,1916.8,115.8
197110,111.1,114.1,287547,25356,1916.8,144.7
197111,111.1,114.4,287547,25510,1916.8,129
197112,111.1,115.4,287547,25634,1916.8,111.3
197201,119.3,116.1,317444,25270,2000.2,101.6
197202,119.3,116,317444,25084,2000.2,191.3
197203,119.3,117.2,317444,26231,2000.2,220.7
197204,119.3,118.9,317444,26630,2000.2,148.5
197205,119.3,118.7,317444,26270,2000.2,190.1
197206,119.3,118.8,317444,26175,2000.2,127.9
197207,119.3,119.4,317444,26789,2000.2,204.6
197208,119.3,119,317444,26365,2000.2,253.6
197209,119.3,121,317444,27168,2000.2,113.5
197210,119.3,122.3,317444,27529,2000.2,153
197211,119.3,121.7,317444,26234,2000.2,208.6
197212,119.3,122.6,317444,27699,2000.2,86.8
197301,119.1,121.4,329133,27796,2298.5,205.8
197302,119.1,121.6,329133,28752,2298.5,137.2
197303,119.1,122,329133,28964,2298.5,252.3
197304,119.1,121.2,329133,28522,2298.5,119.3
197305,119.1,120.1,329133,28286,2298.5,167.9
197306,119.1,119.5,329133,27999,2298.5,180.2
197307,119.1,119.3,329133,27477,2298.5,206.2
197308,119.1,118.6,329133,26689,2298.5,190.1
197309,119.1,116.8,329133,26240,2298.5,189.5
197310,119.1,116.4,329133,26809,2298.5,185.7
197311,119.1,117.3,329133,26718,2298.5,218.7
197312,119.1,115.3,329133,24881,2298.5,245.6
197401,113.2,114.1,319003,26511,3053.2,337.3
197402,113.2,113.5,319003,27056,3053.2,213.1
197403,113.2,113.2,319003,26458,3053.2,204.6
197404,113.2,116.8,319003,29071,3053.2,209.8
197405,113.2,116.3,319003,27562,3053.2,375.7
197406,113.2,115.7,319003,25785,3053.2,215.5
197407,113.2,118.8,319003,27790,3053.2,153.4
197408,113.2,117.5,319003,26495,3053.2,232.7
197409,113.2,113.8,319003,26313,3053.2,217
197410,113.2,107.3,319003,25404,3053.2,306.8
197411,113.2,105.9,319003,25555,3053.2,344.7
197412,113.2,105.8,319003,25003,3053.2,242.6
197501,109.9,102.8,326282,24809,4380.1,391.1
197502,109.9,101.9,326282,24931,4380.1,384.8
197503,109.9,102.9,326282,25076,4380.1,343.3
197504,109.9,103.7,326282,26708,4380.1,372.1
197505,109.9,105.1,326282,26632,4380.1,357.8
197506,109.9,110.3,326282,26307,4380.1,175.9
197507,109.9,115.2,326282,28655,4380.1,242
197508,109.9,114.7,326282,27810,4380.1,222.4
197509,109.9,115.4,326282,28359,4380.1,205.5
197510,109.9,114.4,326282,29079,4380.1,1295.4
197511,109.9,114.4,326282,28634,4380.1,252.9
197512,109.9,117.6,326282,29282,4380.1,136.9
197601,120.4,118.3,374123,29613,3011.4,257.1
197602,120.4,118.1,374123,29772,3011.4,211.8
197603,120.4,119.7,374123,31000,3011.4,247.7
197604,120.4,119,374123,30808,3011.4,206.4
197605,120.4,117.4,374123,28784,3011.4,233.3
197606,120.4,121,374123,31420,3011.4,373.6
197607,120.4,121.1,374123,31037,3011.4,305.6
197608,120.4,119.7,374123,31301,3011.4,264
197609,120.4,120.1,374123,31921,3011.4,250.3
197610,120.4,121.9,374123,32160,3011.4,183.6
197611,120.4,123.8,374123,33183,3011.4,277.6
197612,120.4,124.8,374123,33124,3011.4,200.4
197701,130.8,126.8,437398,34311,3095.4,168.5
197702,130.8,127.3,437398,33844,3095.4,194.2
197703,130.8,128.3,437398,35018,3095.4,248.2
197704,130.8,127.3,437398,34529,3095.4,207.3
197705,130.8,128.1,437398,35256,3095.4,473.9
197706,130.8,130.7,437398,36694,3095.4,305.9
197707,130.8,131.9,437398,36874,3095.4,577.8
197708,130.8,133.2,437398,38180,3095.4,338.3
197709,130.8,132.3,437398,37271,3095.4,97
197710,130.8,134.5,437398,38213,3095.4,115.7
197711,130.8,134.4,437398,38308,3095.4,200.3
197712,130.8,135,437398,38900,3095.4,168.3
197801,138.1,135,479950,36414,2655.8,168.3
197802,138.1,136.8,479950,39434,2655.8,205
197803,138.1,136.6,479950,37847,2655.8,324.4
197804,138.1,138.9,479950,39585,2655.8,203
197805,138.1,137.2,479950,39059,2655.8,160.4
197806,138.1,138.4,479950,39860,2655.8,178.8
197807,138.1,140,479950,40152,2655.8,231.8
197808,138.1,138,479950,41007,2655.8,206.4
197809,138.1,138.3,479950,41553,2655.8,127
197810,138.1,140.4,479950,41437,2655.8,475.3
197811,138.1,139.7,479950,41423,2655.8,178.9
197812,138.1,138.2,479950,42179,2655.8,196.5
197901,138.3,137.1,524296,42043,2667.4,182.2
197902,138.3,138.1,524296,42014,2667.4,177.1
197903,138.3,139.4,524296,43299,2667.4,187.8
197904,138.3,138.2,524296,43401,2667.4,242.8
197905,138.3,137.8,524296,44317,2667.4,200.4
197906,138.3,137.1,524296,43504,2667.4,273.2
197907,138.3,138,524296,44513,2667.4,212.2
197908,138.3,137.8,524296,43634,2667.4,287.4
197909,138.3,140.5,524296,44173,2667.4,186.2
197910,138.3,138.2,524296,45295,2667.4,395.8
197911,138.3,136.7,524296,44540,2667.4,184.3
197912,138.3,140.3,524296,43563,2667.4,138
198001,129.9,137.9,531519,44230,4634.9,243.1
198002,129.9,137.1,531519,44175,4634.9,190.8
198003,129.9,134.9,531519,43359,4634.9,274.2
198004,129.9,129.8,531519,42240,4634.9,428.2
198005,129.9,128.5,531519,42710,4634.9,381.1
198006,129.9,125.6,531519,40648,4634.9,436.7
198007,129.9,125.2,531519,43621,4634.9,445.7
198008,129.9,127.2,531519,44255,4634.9,345.4
198009,129.9,128.6,531519,45746,4634.9,1002.9
198010,129.9,126.2,531519,45945,4634.9,359.2
198011,129.9,128.4,531519,46750,4634.9,239.3
198012,129.9,129.9,531519,47840,4634.9,288.3
198101,124.8,128,581085,46039,6955.1,341.4
198102,124.8,128.3,581085,48588,6955.1,789.2
198103,124.8,127.9,581085,47972,6955.1,485.3
198104,124.8,129,581085,49413,6955.1,536.9
198105,124.8,126.5,581085,48866,6955.1,428.2
198106,124.8,124.9,581085,49172,6955.1,408.5
198107,124.8,123.8,581085,49038,6955.1,619.5
198108,124.8,125.6,581085,48631,6955.1,450.4
198109,124.8,122.7,581085,48450,6955.1,752.3
198110,124.8,119.2,581085,47947,6955.1,897.9
198111,124.8,121.6,581085,49413,6955.1,618.8
198112,124.8,119.8,581085,47556,6955.1,626.7
198201,116.4,116.3,565839,43330,15610.9,645.1
198202,116.4,118.8,565839,47234,15610.9,913.5
198203,116.4,118.7,565839,46899,15610.9,836
198204,116.4,119,565839,46876,15610.9,1309.3
198205,116.4,118,565839,46995,15610.9,2850.5
198206,116.4,115.2,565839,45936,15610.9,1020.3
198207,116.4,115.2,565839,44525,15610.9,1425.6
198208,116.4,115.8,565839,46981,15610.9,2759.6
198209,116.4,112,565839,45552,15610.9,1024.7
198210,116.4,112,565839,45530,15610.9,1299
198211,116.4,115.4,565839,48474,15610.9,733.3
198212,116.4,120,565839,57507,15610.9,794
198301,117.5,114.7,601947,49999,16072.7,2158.1
198302,117.5,113.8,601947,48296,16072.7,1086.4
198303,117.5,115.5,601947,48032,16072.7,1154.7
198304,117.5,116.4,601947,48903,16072.7,1125.6
198305,117.5,117.3,601947,50211,16072.7,920
198306,117.5,118.5,601947,50992,16072.7,2188.6
198307,117.5,117.6,601947,48601,16072.7,829.2
198308,117.5,118.2,601947,52828,16072.7,1353.1
198309,117.5,118.1,601947,50445,16072.7,947.2
198310,117.5,120.9,601947,50441,16072.7,1816.8
198311,117.5,120.5,601947,51642,16072.7,1624.5
198312,117.5,118.8,601947,51557,16072.7,868.5
198401,121.3,123.2,635067,52674,29268.6,1783.3
198402,121.3,122.6,635067,53535,29268.6,1713.1
198403,121.3,121.6,635067,53075,29268.6,3479.7
198404,121.3,121.4,635067,53298,29268.6,2429.4
198405,121.3,120.4,635067,50736,29268.6,3074.3
198406,121.3,120.7,635067,53884,29268.6,3427.4
198407,121.3,120.5,635067,53211,29268.6,2783.7
198408,121.3,121.6,635067,52025,29268.6,1968.7
198409,121.3,122.5,635067,52646,29268.6,2045.6
198410,121.3,121.4,635067,52587,29268.6,1471.3
198411,121.3,120,635067,53838,29268.6,2763.7
198412,121.3,119.5,635067,53558,29268.6,2328.4
198501,120.9,121.2,669522,53674,36914.1,1821
198502,120.9,122.1,669522,53479,36914.1,2409.8
198503,120.9,121.4,669522,55335,36914.1,3485.8
198504,120.9,120.8,669522,55133,36914.1,3289.2
198505,120.9,120.4,669522,55545,36914.1,3048.3
198506,120.9,120.4,669522,55339,36914.1,2914.1
198507,120.9,121.5,669522,54507,36914.1,2173.9
198508,120.9,121.2,669522,56159,36914.1,3018.4
198509,120.9,120.7,669522,56662,36914.1,2200.1
198510,120.9,121.2,669522,58307,36914.1,6844.3
198511,120.9,120.4,669522,57308,36914.1,4160.4
198512,120.9,119.9,669522,58074,36914.1,1548.8
198601,120.4,119.3,701390,57636,43284.6,3238.9
198602,120.4,120.8,701390,59114,43284.6,3252.2
198603,120.4,121.5,701390,58870,43284.6,3278.8
198604,120.4,122.4,701390,59156,43284.6,1766.8
198605,120.4,120.7,701390,57747,43284.6,3572.8
198606,120.4,120.3,701390,57446,43284.6,3467.6
198607,120.4,120.7,701390,57717,43284.6,7464.6
198608,120.4,119.3,701390,56299,43284.6,2748.4
198609,120.4,120.4,701390,57942,43284.6,5126.7
198610,120.4,119.7,701390,57120,43284.6,2870.8
198611,120.4,118.3,701390,56652,43284.6,2170.2
198612,120.4,121.9,701390,65691,43284.6,4326.8
198701,121.2,118.1,685377,55348,34723.8,3220.7
198702,121.2,120.5,685377,58495,34723.8,3586
198703,121.2,122,685377,60248,34723.8,3249.5
198704,121.2,120.7,685377,57537,34723.8,3222.5
198705,121.2,119.8,685377,56178,34723.8,2488.5
198706,121.2,120.3,685377,57612,34723.8,3332.4
198707,121.2,120.4,685377,57330,34723.8,2036.1
198708,121.2,121.5,685377,57650,34723.8,1968.2
198709,121.2,122.8,685377,57568,34723.8,2967.2
198710,121.2,121.8,685377,55504,34723.8,3004.2
198711,121.2,122.8,685377,56681,34723.8,1663.5
198712,121.2,123.2,685377,55226,34723.8,3985
198801,124.1,124,683808,56108,35908.1,3894.1
198802,124.1,124.1,683808,56475,35908.1,4625.5
198803,124.1,125.4,683808,60655,35908.1,3291.7
198804,124.1,122.7,683808,54670,35908.1,3065.6
198805,124.1,124.3,683808,58046,35908.1,2316.5
198806,124.1,123.7,683808,55620,35908.1,2453.4
198807,124.1,123.3,683808,56915,35908.1,4582.8
198808,124.1,124.5,683808,59730,35908.1,2291.2
198809,124.1,124.2,683808,55915,35908.1,3555.5
198810,124.1,124.6,683808,56529,35908.1,1785
198811,124.1,123.2,683808,54553,35908.1,2020
198812,124.1,125.5,683808,58592,35908.1,2026.8
198901,124.8,125.5,678653,58253,42328.8,2102.9
198902,124.8,125.9,678653,58560,42328.8,2307.7
198903,124.8,126.5,678653,57383,42328.8,6242.1
198904,124.8,125.8,678653,57631,42328.8,6170.5
198905,124.8,125.4,678653,57326,42328.8,1863.5
198906,124.8,125.6,678653,56950,42328.8,6318.9
198907,124.8,124.6,678653,54948,42328.8,3992.8
198908,124.8,123.2,678653,55500,42328.8,3435.1
198909,124.8,123,678653,55390,42328.8,1585.8
198910,124.8,123.3,678653,54651,42328.8,2106.8
198911,124.8,123.7,678653,55116,42328.8,1892.1
198912,124.8,124.6,678653,56945,42328.8,4310.6
199001,120.7,125.9,646702,59141,56159.1,6168
199002,120.7,125.1,646702,56325,56159.1,7247.4
199003,120.7,124.7,646702,56172,56159.1,3579.7
199004,120.7,123.3,646702,55000,56159.1,6365.2
199005,120.7,121.6,646702,53616,56159.1,4688.1
199006,120.7,121.1,646702,53784,56159.1,6911.8
199007,120.7,120,646702,52142,56159.1,2143.7
199008,120.7,119.7,646702,52958,56159.1,3764.4
199009,120.7,118.6,646702,52176,56159.1,4136.2
199010,120.7,117.2,646702,51899,56159.1,3635.6
199011,120.7,116.1,646702,51429,56159.1,3927.4
199012,120.7,115.2,646702,52060,56159.1,3591.6
199101,115.2,115.2,629886,51991,96825.4,7427.5
199102,115.2,114.6,629886,50384,96825.4,11204.3
199103,115.2,114.4,629886,51536,96825.4,8572.3
199104,115.2,114.9,629886,52235,96825.4,7573.7
199105,115.2,115.5,629886,52327,96825.4,11930.5
199106,115.2,115.5,629886,52071,96825.4,15757.6
199107,115.2,115.5,629886,52767,96825.4,5920.5
199108,115.2,116,629886,53313,96825.4,3064.3
199109,115.2,114.9,629886,52284,96825.4,5472
199110,115.2,115.1,629886,53892,96825.4,8634.7
199111,115.2,115.8,629886,54163,96825.4,5032
199112,115.2,114.9,629886,52923,96825.4,6236
199201,116.3,117.2,669519,58141,94317.6,6356
199202,116.3,116,669519,55092,94317.6,9857.8
199203,116.3,116.4,669519,57449,94317.6,6322.2
199204,116.3,115.4,669519,54474,94317.6,7907
199205,116.3,113.2,669519,48688,94317.6,13842.4
199206,116.3,117.4,669519,58730,94317.6,13665.1
199207,116.3,116.6,669519,56942,94317.6,3272
199208,116.3,114.1,669519,51245,94317.6,9056.2
199209,116.3,118.5,669519,59179,94317.6,3220.7
199210,116.3,116.4,669519,52492,94317.6,8383.6
199211,116.3,115.3,669519,55392,94317.6,3984.1
199212,116.3,119,669519,61695,94317.6,8450.5
199301,121.1,119.3,707410,55625,47755.7,5541.7
199302,121.1,120.9,707410,59691,47755.7,2630
199303,121.1,122,707410,61002,47755.7,4118.4
199304,121.1,121,707410,59648,47755.7,3219.7
199305,121.1,117.6,707410,51765,47755.7,5544.2
199306,121.1,120.8,707410,60422,47755.7,2738
199307,121.1,120.7,707410,58387,47755.7,5552.7
199308,121.1,121.1,707410,58209,47755.7,7144.9
199309,121.1,122.3,707410,63758,47755.7,3246.9
199310,121.1,119.2,707410,55291,47755.7,2531.2
199311,121.1,123.5,707410,61739,47755.7,2953.4
199312,121.1,125.3,707410,61873,47755.7,2534.6
199401,125.5,125.4,741059,61978,28943.9,2556.7
199402,125.5,124.9,741059,60680,28943.9,2430.8
199403,125.5,127,741059,64058,28943.9,2181.9
199404,125.5,125.2,741059,58992,28943.9,1642.5
199405,125.5,124.7,741059,58528,28943.9,2529.9
199406,125.5,125.6,741059,63097,28943.9,2205.6
199407,125.5,122.7,741059,56380,28943.9,2212.8
199408,125.5,125.8,741059,64844,28943.9,2106.8
199409,125.5,125.3,741059,64564,28943.9,3434
199410,125.5,124.6,741059,60488,28943.9,2023.1
199411,125.5,127.9,741059,64542,28943.9,2511.8
199412,125.5,127.3,741059,62908,28943.9,3108
